,amoxicillin,piperacillin,ticarcillin,cefepime,cefazolin,ceftolozane,ceftriaxone,ceftazidime,aztreonam,imipenem,meropenem,doripenem,minocycline,tigecycline,doxycycline,tetracycline,chlortetracycline,azithromycin,erythromycin,clarithromycin,chloramphenicol,linezolid,rifampicin,fosfomycin,amikacin,tobramycin,streptomycin,kanamycin,trimethoprim,sulfamethoxazole,ciprofloxacin,levofloxacin,moxifloxacin
cid,33613,43672,36921,5479537,33255,53234134,5479530,5481173,5742832,104838,441130,73303,54675783,54686904,54671203,54675776,54675777,447043,12560,84029,5959,441401,135398735,446987,37768,36294,19649,6032,5578,5329,2764,149096,152946
smiles,CC1([C@@H](N2[C@H](S1)[C@@H](C2=O)NC(=O)[C@@H](C3=CC=C(C=C3)O)N)C(=O)O)C,CCN1CCN(C(=O)C1=O)C(=O)N[C@H](C2=CC=CC=C2)C(=O)N[C@H]3[C@@H]4N(C3=O)[C@H](C(S4)(C)C)C(=O)O,CC1([C@@H](N2[C@H](S1)[C@@H](C2=O)NC(=O)[C@@H](C3=CSC=C3)C(=O)O)C(=O)O)C,C[N+]1(CCCC1)CC2=C(N3[C@@H]([C@@H](C3=O)NC(=O)/C(=N\OC)/C4=CSC(=N4)N)SC2)C(=O)[O-],CC1=NN=C(S1)SCC2=C(N3[C@@H]([C@@H](C3=O)NC(=O)CN4C=NN=N4)SC2)C(=O)O,CC(C)(C(=O)O)O/N=C(/C1=NSC(=N1)N)\C(=O)N[C@H]2[C@@H]3N(C2=O)C(=C(CS3)C[N+]4=CC(=C(N4C)N)NC(=O)NCCN)C(=O)[O-],CN1C(=NC(=O)C(=O)N1)SCC2=C(N3[C@@H]([C@@H](C3=O)NC(=O)/C(=N\OC)/C4=CSC(=N4)N)SC2)C(=O)O,CC(C)(C(=O)O)O/N=C(/C1=CSC(=N1)N)\C(=O)N[C@H]2[C@@H]3N(C2=O)C(=C(CS3)C[N+]4=CC=CC=C4)C(=O)[O-],C[C@H]1[C@@H](C(=O)N1S(=O)(=O)O)NC(=O)/C(=N\OC(C)(C)C(=O)O)/C2=CSC(=N2)N,C[C@H]([C@@H]1[C@H]2CC(=C(N2C1=O)C(=O)O)SCCN=CN)O,C[C@@H]1[C@@H]2[C@H](C(=O)N2C(=C1S[C@H]3C[C@H](NC3)C(=O)N(C)C)C(=O)O)[C@@H](C)O,C[C@@H]1[C@@H]2[C@H](C(=O)N2C(=C1S[C@H]3C[C@H](NC3)CNS(=O)(=O)N)C(=O)O)[C@@H](C)O,CN(C)[C@H]1[C@@H]2C[C@@H]3CC4=C(C=CC(=C4C(=C3C(=O)[C@@]2(C(=C(C1=O)C(=O)N)O)O)O)O)N(C)C,CC(C)(C)NCC(=O)NC1=CC(=C2C[C@H]3C[C@H]4[C@@H](C(=O)C(=C([C@]4(C(=O)C3=C(C2=C1O)O)O)O)C(=O)N)N(C)C)N(C)C,C[C@@H]1[C@H]2[C@@H]([C@H]3[C@@H](C(=O)C(=C([C@]3(C(=O)C2=C(C4=C1C=CC=C4O)O)O)O)C(=O)N)N(C)C)O,C[C@@]1([C@H]2C[C@H]3[C@@H](C(=O)C(=C([C@]3(C(=O)C2=C(C4=C1C=CC=C4O)O)O)O)C(=O)N)N(C)C)O,C[C@@]1([C@H]2C[C@H]3[C@@H](C(=O)C(=C([C@]3(C(=O)C2=C(C4=C(C=CC(=C41)Cl)O)O)O)O)C(=O)N)N(C)C)O,CC[C@@H]1[C@@]([C@@H]([C@H](N(C[C@@H](C[C@@]([C@@H]([C@H]([C@@H]([C@H](C(=O)O1)C)O[C@H]2C[C@@]([C@H]([C@@H](O2)C)O)(C)OC)C)O[C@H]3[C@@H]([C@H](C[C@H](O3)C)N(C)C)O)(C)O)C)C)C)O)(C)O,CC[C@@H]1[C@@]([C@@H]([C@H](C(=O)[C@@H](C[C@@]([C@@H]([C@H]([C@@H]([C@H](C(=O)O1)C)O[C@H]2C[C@@]([C@H]([C@@H](O2)C)O)(C)OC)C)O[C@H]3[C@@H]([C@H](C[C@H](O3)C)N(C)C)O)(C)O)C)C)O)(C)O,CC[C@@H]1[C@@]([C@@H]([C@H](C(=O)[C@@H](C[C@@]([C@@H]([C@H]([C@@H]([C@H](C(=O)O1)C)O[C@H]2C[C@@]([C@H]([C@@H](O2)C)O)(C)OC)C)O[C@H]3[C@@H]([C@H](C[C@H](O3)C)N(C)C)O)(C)OC)C)C)O)(C)O,C1=CC(=CC=C1[C@H]([C@@H](CO)NC(=O)C(Cl)Cl)O)[N+](=O)[O-],CC(=O)NC[C@H]1CN(C(=O)O1)C2=CC(=C(C=C2)N3CCOCC3)F,C[C@H]1/C=C/C=C(\C(=O)NC2=C(C(=C3C(=C2O)C(=C(C4=C3C(=O)[C@](O4)(O/C=C/[C@@H]([C@H]([C@H]([C@@H]([C@@H]([C@@H]([C@H]1O)C)O)C)OC(=O)C)C)OC)C)C)O)O)/C=N/N5CCN(CC5)C)/C,C[C@H]1[C@H](O1)P(=O)(O)O,C1[C@@H]([C@H]([C@@H]([C@H]([C@@H]1NC(=O)[C@H](CCN)O)O[C@@H]2[C@@H]([C@H]([C@@H]([C@H](O2)CO)O)N)O)O)O[C@@H]3[C@@H]([C@H]([C@@H]([C@H](O3)CN)O)O)O)N,C1[C@@H]([C@H]([C@@H]([C@H]([C@@H]1N)O[C@@H]2[C@@H]([C@H]([C@@H]([C@H](O2)CO)O)N)O)O)O[C@@H]3[C@@H](C[C@@H]([C@H](O3)CN)O)N)N,C[C@H]1[C@@]([C@H]([C@@H](O1)O[C@@H]2[C@H]([C@@H]([C@H]([C@@H]([C@H]2O)O)N=C(N)N)O)N=C(N)N)O[C@H]3[C@H]([C@@H]([C@H]([C@@H](O3)CO)O)O)NC)(C=O)O,C1[C@H]([C@@H]([C@H]([C@@H]([C@H]1N)O[C@@H]2[C@@H]([C@H]([C@@H]([C@H](O2)CN)O)O)O)O)O[C@@H]3[C@@H]([C@H]([C@@H]([C@H](O3)CO)O)N)O)N,COC1=CC(=CC(=C1OC)OC)CC2=CN=C(N=C2N)N,CC1=CC(=NO1)NS(=O)(=O)C2=CC=C(C=C2)N,C1CC1N2C=C(C(=O)C3=CC(=C(C=C32)N4CCNCC4)F)C(=O)O,C[C@H]1COC2=C3N1C=C(C(=O)C3=CC(=C2N4CCN(CC4)C)F)C(=O)O,COC1=C2C(=CC(=C1N3C[C@@H]4CCCN[C@@H]4C3)F)C(=O)C(=CN2C5CC5)C(=O)O
inchi,"InChI=1S/C16H19N3O5S/c1-16(2)11(15(23)24)19-13(22)10(14(19)25-16)18-12(21)9(17)7-3-5-8(20)6-4-7/h3-6,9-11,14,20H,17H2,1-2H3,(H,18,21)(H,23,24)/t9-,10-,11+,14-/m1/s1","InChI=1S/C23H27N5O7S/c1-4-26-10-11-27(19(32)18(26)31)22(35)25-13(12-8-6-5-7-9-12)16(29)24-14-17(30)28-15(21(33)34)23(2,3)36-20(14)28/h5-9,13-15,20H,4,10-11H2,1-3H3,(H,24,29)(H,25,35)(H,33,34)/t13-,14-,15+,20-/m1/s1","InChI=1S/C15H16N2O6S2/c1-15(2)9(14(22)23)17-11(19)8(12(17)25-15)16-10(18)7(13(20)21)6-3-4-24-5-6/h3-5,7-9,12H,1-2H3,(H,16,18)(H,20,21)(H,22,23)/t7-,8-,9+,12-/m1/s1","InChI=1S/C19H24N6O5S2/c1-25(5-3-4-6-25)7-10-8-31-17-13(16(27)24(17)14(10)18(28)29)22-15(26)12(23-30-2)11-9-32-19(20)21-11/h9,13,17H,3-8H2,1-2H3,(H3-,20,21,22,26,28,29)/b23-12-/t13-,17-/m1/s1","InChI=1S/C14H14N8O4S3/c1-6-17-18-14(29-6)28-4-7-3-27-12-9(11(24)22(12)10(7)13(25)26)16-8(23)2-21-5-15-19-20-21/h5,9,12H,2-4H2,1H3,(H,16,23)(H,25,26)/t9-,12-/m1/s1","InChI=1S/C23H30N12O8S2/c1-23(2,20(40)41)43-31-11(15-30-21(26)45-32-15)16(36)29-12-17(37)35-13(19(38)39)9(8-44-18(12)35)6-34-7-10(14(25)33(34)3)28-22(42)27-5-4-24/h7,12,18,25H,4-6,8,24H2,1-3H3,(H7,26,27,28,29,30,32,36,38,39,40,41,42)/b31-11-/t12-,18-/m1/s1","InChI=1S/C18H18N8O7S3/c1-25-18(22-12(28)13(29)23-25)36-4-6-3-34-15-9(14(30)26(15)10(6)16(31)32)21-11(27)8(24-33-2)7-5-35-17(19)20-7/h5,9,15H,3-4H2,1-2H3,(H2,19,20)(H,21,27)(H,23,29)(H,31,32)/b24-8-/t9-,15-/m1/s1","InChI=1S/C22H22N6O7S2/c1-22(2,20(33)34)35-26-13(12-10-37-21(23)24-12)16(29)25-14-17(30)28-15(19(31)32)11(9-36-18(14)28)8-27-6-4-3-5-7-27/h3-7,10,14,18H,8-9H2,1-2H3,(H4-,23,24,25,29,31,32,33,34)/b26-13-/t14-,18-/m1/s1","InChI=1S/C13H17N5O8S2/c1-5-7(10(20)18(5)28(23,24)25)16-9(19)8(6-4-27-12(14)15-6)17-26-13(2,3)11(21)22/h4-5,7H,1-3H3,(H2,14,15)(H,16,19)(H,21,22)(H,23,24,25)/b17-8-/t5-,7-/m0/s1","InChI=1S/C12H17N3O4S/c1-6(16)9-7-4-8(20-3-2-14-5-13)10(12(18)19)15(7)11(9)17/h5-7,9,16H,2-4H2,1H3,(H2,13,14)(H,18,19)/t6-,7-,9-/m1/s1","InChI=1S/C17H25N3O5S/c1-7-12-11(8(2)21)16(23)20(12)13(17(24)25)14(7)26-9-5-10(18-6-9)15(22)19(3)4/h7-12,18,21H,5-6H2,1-4H3,(H,24,25)/t7-,8-,9+,10+,11-,12-/m1/s1","InChI=1S/C15H24N4O6S2/c1-6-11-10(7(2)20)14(21)19(11)12(15(22)23)13(6)26-9-3-8(17-5-9)4-18-27(16,24)25/h6-11,17-18,20H,3-5H2,1-2H3,(H,22,23)(H2,16,24,25)/t6-,7-,8+,9+,10-,11-/m1/s1","InChI=1S/C23H27N3O7/c1-25(2)12-5-6-13(27)15-10(12)7-9-8-11-17(26(3)4)19(29)16(22(24)32)21(31)23(11,33)20(30)14(9)18(15)28/h5-6,9,11,17,27-28,31,33H,7-8H2,1-4H3,(H2,24,32)/t9-,11-,17-,23-/m0/s1","InChI=1S/C29H39N5O8/c1-28(2,3)31-11-17(35)32-15-10-16(33(4)5)13-8-12-9-14-21(34(6)7)24(38)20(27(30)41)26(40)29(14,42)25(39)18(12)23(37)19(13)22(15)36/h10,12,14,21,31,36-37,40,42H,8-9,11H2,1-7H3,(H2,30,41)(H,32,35)/t12-,14-,21-,29-/m0/s1","InChI=1S/C22H24N2O8/c1-7-8-5-4-6-9(25)11(8)16(26)12-10(7)17(27)14-15(24(2)3)18(28)13(21(23)31)20(30)22(14,32)19(12)29/h4-7,10,14-15,17,25-27,30,32H,1-3H3,(H2,23,31)/t7-,10+,14+,15-,17-,22-/m0/s1","InChI=1S/C22H24N2O8/c1-21(31)8-5-4-6-11(25)12(8)16(26)13-9(21)7-10-15(24(2)3)17(27)14(20(23)30)19(29)22(10,32)18(13)28/h4-6,9-10,15,25-26,29,31-32H,7H2,1-3H3,(H2,23,30)/t9-,10-,15-,21+,22-/m0/s1","InChI=1S/C22H23ClN2O8/c1-21(32)7-6-8-15(25(2)3)17(28)13(20(24)31)19(30)22(8,33)18(29)11(7)16(27)12-10(26)5-4-9(23)14(12)21/h4-5,7-8,15,26-27,30,32-33H,6H2,1-3H3,(H2,24,31)/t7-,8-,15-,21-,22-/m0/s1","InChI=1S/C38H72N2O12/c1-15-27-38(10,46)31(42)24(6)40(13)19-20(2)17-36(8,45)33(52-35-29(41)26(39(11)12)16-21(3)48-35)22(4)30(23(5)34(44)50-27)51-28-18-37(9,47-14)32(43)25(7)49-28/h20-33,35,41-43,45-46H,15-19H2,1-14H3/t20-,21-,22+,23-,24-,25+,26+,27-,28+,29-,30+,31-,32+,33-,35+,36-,37-,38-/m1/s1","InChI=1S/C37H67NO13/c1-14-25-37(10,45)30(41)20(4)27(39)18(2)16-35(8,44)32(51-34-28(40)24(38(11)12)15-19(3)47-34)21(5)29(22(6)33(43)49-25)50-26-17-36(9,46-13)31(42)23(7)48-26/h18-26,28-32,34,40-42,44-45H,14-17H2,1-13H3/t18-,19-,20+,21+,22-,23+,24+,25-,26+,28-,29+,30-,31+,32-,34+,35-,36-,37-/m1/s1","InChI=1S/C38H69NO13/c1-15-26-38(10,45)31(42)21(4)28(40)19(2)17-37(9,47-14)33(52-35-29(41)25(39(11)12)16-20(3)48-35)22(5)30(23(6)34(44)50-26)51-27-18-36(8,46-13)32(43)24(7)49-27/h19-27,29-33,35,41-43,45H,15-18H2,1-14H3/t19-,20-,21+,22+,23-,24+,25+,26-,27+,29-,30+,31-,32+,33-,35+,36-,37-,38-/m1/s1","InChI=1S/C11H12Cl2N2O5/c12-10(13)11(18)14-8(5-16)9(17)6-1-3-7(4-2-6)15(19)20/h1-4,8-10,16-17H,5H2,(H,14,18)/t8-,9-/m1/s1","InChI=1S/C16H20FN3O4/c1-11(21)18-9-13-10-20(16(22)24-13)12-2-3-15(14(17)8-12)19-4-6-23-7-5-19/h2-3,8,13H,4-7,9-10H2,1H3,(H,18,21)/t13-/m0/s1","InChI=1S/C43H58N4O12/c1-21-12-11-13-22(2)42(55)45-33-28(20-44-47-17-15-46(9)16-18-47)37(52)30-31(38(33)53)36(51)26(6)40-32(30)41(54)43(8,59-40)57-19-14-29(56-10)23(3)39(58-27(7)48)25(5)35(50)24(4)34(21)49/h11-14,19-21,23-25,29,34-35,39,49-53H,15-18H2,1-10H3,(H,45,55)/b12-11+,19-14+,22-13-,44-20+/t21-,23+,24+,25+,29-,34-,35+,39+,43-/m0/s1","InChI=1S/C3H7O4P/c1-2-3(7-2)8(4,5)6/h2-3H,1H3,(H2,4,5,6)/t2-,3+/m0/s1","InChI=1S/C22H43N5O13/c23-2-1-8(29)20(36)27-7-3-6(25)18(39-22-16(34)15(33)13(31)9(4-24)37-22)17(35)19(7)40-21-14(32)11(26)12(30)10(5-28)38-21/h6-19,21-22,28-35H,1-5,23-26H2,(H,27,36)/t6-,7+,8-,9+,10+,11-,12+,13+,14+,15-,16+,17-,18+,19-,21+,22+/m0/s1","InChI=1S/C18H37N5O9/c19-3-9-8(25)2-7(22)17(29-9)31-15-5(20)1-6(21)16(14(15)28)32-18-13(27)11(23)12(26)10(4-24)30-18/h5-18,24-28H,1-4,19-23H2/t5-,6+,7+,8-,9+,10+,11-,12+,13+,14-,15+,16-,17+,18+/m0/s1","InChI=1S/C21H39N7O12/c1-5-21(36,4-30)16(40-17-9(26-2)13(34)10(31)6(3-29)38-17)18(37-5)39-15-8(28-20(24)25)11(32)7(27-19(22)23)12(33)14(15)35/h4-18,26,29,31-36H,3H2,1-2H3,(H4,22,23,27)(H4,24,25,28)/t5-,6-,7+,8-,9-,10-,11+,12-,13-,14+,15+,16-,17-,18-,21+/m0/s1","InChI=1S/C18H36N4O11/c19-2-6-10(25)12(27)13(28)18(30-6)33-16-5(21)1-4(20)15(14(16)29)32-17-11(26)8(22)9(24)7(3-23)31-17/h4-18,23-29H,1-3,19-22H2/t4-,5+,6-,7-,8+,9-,10-,11-,12+,13-,14-,15+,16-,17-,18-/m1/s1","InChI=1S/C14H18N4O3/c1-19-10-5-8(6-11(20-2)12(10)21-3)4-9-7-17-14(16)18-13(9)15/h5-7H,4H2,1-3H3,(H4,15,16,17,18)","InChI=1S/C10H11N3O3S/c1-7-6-10(12-16-7)13-17(14,15)9-4-2-8(11)3-5-9/h2-6H,11H2,1H3,(H,12,13)","InChI=1S/C17H18FN3O3/c18-13-7-11-14(8-15(13)20-5-3-19-4-6-20)21(10-1-2-10)9-12(16(11)22)17(23)24/h7-10,19H,1-6H2,(H,23,24)","InChI=1S/C18H20FN3O4/c1-10-9-26-17-14-11(16(23)12(18(24)25)8-22(10)14)7-13(19)15(17)21-5-3-20(2)4-6-21/h7-8,10H,3-6,9H2,1-2H3,(H,24,25)/t10-/m0/s1","InChI=1S/C21H24FN3O4/c1-29-20-17-13(19(26)14(21(27)28)9-25(17)12-4-5-12)7-15(22)18(20)24-8-11-3-2-6-23-16(11)10-24/h7,9,11-12,16,23H,2-6,8,10H2,1H3,(H,27,28)/t11-,16+/m0/s1"
coordinate_type,2d,2d,2d,2d,2d,2d,2d,2d,2d,2d,2d,2d,2d,2d,2d,2d,2d,2d,2d,2d,2d,2d,2d,2d,2d,2d,2d,2d,2d,2d,2d,2d,2d
xlogp,-2,0.5,0.8,-0.1,-0.4,-3.2,-1.3,0.4,0.3,-0.7,-2.4,-3.4,-0.6,1.1,-0.7,-2,-1.3,4,2.7,3.2,1.1,0.7,4.9,-1.4,-7.9,-6.2,-8,-6.9,0.9,0.9,-1.1,-0.4,0.6
tpsa,158,182,178,204,235,356,288,245,238,142,135,196,165,206,182,182,182,180,194,183,115,71.1,220,70.1,332,268,336,283,106,107,72.9,73.3,82.1
h_bond_donor_count,4,3,3,2,2,7,4,3,4,3,3,5,5,7,6,6,6,5,5,4,3,1,6,2,13,10,12,11,2,2,2,1,2
h_bond_acceptor_count,7,8,8,10,12,16,13,12,12,6,7,10,9,11,9,9,9,14,14,14,5,6,15,4,17,14,15,15,7,6,7,8,8
rotatable_bond_count,4,6,5,6,7,11,8,8,7,6,5,7,3,7,2,2,2,7,7,8,5,4,5,1,10,6,9,6,5,3,3,2,4
cactvs_fingerprint,11100000011110110011100000000000010000000000000000000000000000000000000000000000000000000000000000000000000000000000000000000000010110000000000101100000000000000000000000000000001100000000000000000000000000000000010110000000000000000000000000000000000000010000000000000000000000000001111000000100000100000000100000000000000000000000110000101100110001011101100000000100101100100000111010000011110000000000001000001000100010000000001000100001110100100001100000000000100000100000000000000000011000000010000000010000000010001000100010000001100011100000110010001000000010100110011000111010101000101001010100110011100101000111000000000000011001001101011000010001101110001001100000000111100110001101100010000001100011100010000000000000000000000000000000000000000000000000000000000000010000000000000000000000000000000000000000000000000000000000000000000000000000000000000000000000000000000,11100000011110111011100000000000010000000000000000000000000000000000000000000000000000000000000000000000000000000000000000000000010110000000000101100000000000000000000000000000001111000100000000000000000000000000010110000000000000000000000000000000000000010000000000000000000000000001111000000100000100000000100000000000000000000000110000101000110001011101100000000100101100110000100010000011110000000000001000001000100010000000001000100001110100100001100000000000100000100000000000000000011000000000000000010000000010001000100010000001100010000000010010001000100010100110000000111010101000001001010100110001100101000110000000001000011011001001011100100010101110001000100000000111000110001000100010000000100011100000000000000000000000000000000000000000000000000000000000000000000000000000000000000000000000000000000000000000000000000000000000000000000000000000000000000000000000000,11100000011100110011100000000000011000000000000000000000000000000000000000000000000000000000000000000000000000000000000000000000010110000000000101100010010000000000000000000000000000000000000000000000000000000000010110000000000000000000000000000000000000011000000000000000000000000001111000000100000100000000100000000000000000000000110100101000110001011101100000000100101100100000100110000011110000000000001000001000100011000000001000100001110100100001100000000000000000110000000010000000011000000000100000010000010010001000100010011001100010000000000010001000000010100110000000011110001010001001010100100001100101000100000000000000001001101111011000000001101110000000100000000010100110000000000000000000000011101000000000000000000000000000000000000000000000000000000000000000000000000000000000000000000000000000000000000000000000000000000000000000000000000000000000000000000000000,11100000011110111011100000000000011000000000000000000000000000000000000000000000000000000000000000000000000000000000000000000000010110000000000101100010110000000000000000000000001000000000000000000000000000000000000000000000000100000000000000000000000000011000000000000000000000000001111000000100000101000000000000000000000000000000110000101000110001011101011000000110101000111001100100010011110110000001000000001000101011000000001100000101111100100111110000000000100000001111000010101001011000010000101000111001000000000000100010010101101110000010000001011000100000100110010010011000001000001100010000100001000101000001000000000000000000000001011000000010101100000000000100100000000000000000000000000000000000000000000000000000000000000000000000000000000000000000000000000000000000000000000000000000000000000000000000000000000000000000000000000000000000000000000000000000000000000,11000000011100111111100000000000011000000000000000000000000000000000000000000000000000000000000000000000000000000000000000000000010110000000000101100010110000000000000000000000001000000000000000000000000000000000000000000000000100000000000000000000000000011110000000000000000000000001111000000100000110000000100000000000000000000000110000101000110001011100001000000100100001110001100000000111110010000000001000001000101011100000001000000101111100010111110000000000000100000000000110000011010100001000000010010000000101010100100010000001100110000000000001000000100000100100010000001000001000000000100000100000000101000001000000000000000000000001111000000010101100000001000100000000000000000000000000000000000000000000000000000000000000000000000000000000000000000000000000000000000000000000000000000000000000000000000000000000000000000000000000000000000000000000000000000000000000000,11100000011110111111110000000000011000000000000000000000000000000000000000000000000000000000000000000000000000000000000000000000010110000000000101100010110000000000000000000000001000000000000000000000000000000000000000000000000100000000000000000000000000011110000000000000000000000001111000000100000111000100100000000000000000000000110001101100110001011101001100000100101011111111100010010111110110000001001000001000101011100000001100010111111101110111110000000010100100001101010000001011010100011001001010111001000101010101100010100001111010000111010001010000100000110100110010001000011000000100000001100000000101001101010000001000000110000001111000000010111100010000000100100000000000000000000000000000000000000000000000000000000000000000000000000000000000000000000000000000000000000000000000000000000000000000000000000000000000000000000000000000000000000000000000000000000000000,11100000011110111111100000000000011000000000000000000000000000000000000000000000000000000000000000000000000000000000000000000000010110000000000101100000000000000000000000000000001000000100000000000000000000000000000000000000000100000000000000000000000000011000000000000000000000000001111000000100000111000000100000000000000000000000110000101000110001011101011000000110101000111001100100010011111110100001001000001000101011000000001100000101111100100111110000000000000000001111000010101001011000010000101000111001000100110010100010010101101110000010000001011000100000100110010010011000001000001100010000100001000101000001000000000000000000000001011000000010101100000001000100100000000000000000000000000000000000000000000000000000000000000000000000000000000000000000000000000000000000000000000000000000000000000000000000000000000000000000000000000000000000000000000000000000000000000,11100000011110111011100000000000011000000000000000000000000000000000000000000000000000000000000000000000000000000000000000000000010110000000000101100000000000000000000000000000001011000100000000000000000000000000000000000000000100000000000000000000000000011110000000000000000000000001111000000100000101000000100000000000000000000000110001101100110001011101011000000100101111111001100110010011110111000001001000001000101011000000001100110101111101110111110000000010100000101111000010101001011100010000101000111001000010001101100010110101111110000110010011011000100010110110010011111010111000001101010110110001100101000111000000001000011000001001011000000010111110011100100100100110000100000000000000000000000000000000000000000000000000000000000000000000000000000000000000000000000000000000000000000000000000000000000000000000000000000000000000000000000000000000000000000000000000000,11100000011100111011110000000000011000000000000000000000000000000000000000000000000000000000000000000000000000000000000000000000010110000000000101100000000000000000000000000000000000000000000000000000000000000000000000000000000000000000000000000000000000011000000000000000000000000001111000000100000101000100100000000000000000000000110001101100110001011101011000000100101000111001100100010010110110000001001010001000101011000000000100000101111100100111110000110010000000001111000010101001011000010000101000111001000000000000000010010101111110000010000000011000100000010110000010011000001000001100010000100001000101000100000000000000000000000001011000000010100000010000000000100000000000000000000000000000000000000000000000000000000000000000000000000000000000000000000000000000000000000000000000000000000000000000000000000000000000000000000000000000000000000000000000000000000000000,11100000011100110011100000000000010000000000000000000000000000000000000000000000000000000000000000000000000000000000000000000000010110000000000100000000000000000000000000000000000000000000000000000000000000000000010000000000000000000000000000000000000000000000000000000000000000000001111000000100000100000000100000000000000000000000110100111100111001011100000000000110100000110000100000000011010000000000001000001000101010000000000000000101110100010111110000000000000000000000000000000001001000000000000000010000000000000000100010000001100010000000000001001000000000100001010000011110001000001000000000100000000001000101000000000000000001101010011000000000101110000001000100000011100110000000000000000000000011100000000000000000000000000000000000000000000000000000000000000000000000000000000000000000000000000000000000000000000000000000000000000000000000000000000000000000000000000,11100000011110110011100000000000010000000000000000000000000000000000000000000000000000000000000000000000000000000000000000000000010110000000000101100010000000000000000000000000000000000000000000000000000000000000010000000000000000000000000000000000000000000000000000000000000000000001111000000100000100000000100000000000000000000000110100111100111001011100000000000110100000100000100000000011110000000000001000001000100010000000000000000101110100000101100000000000000000000000000000000000001000000000000000010000000000000000100010000001100010000000000001001000000000100101010000011110001000001000000000100000000101000101000000000000000001101011011000000000101110000001000100000011100110000000000100000000000011100000000000000000000000000000000000000000000000000000000000000000000000000000000000000000000000000000000000000000000000000000000000000000000000000000000000000000000000000,11100000011100111011100000000000011000000000000000000000000000000000000000000000000000000000000000000000000000000000000000000000010110000000000101100010000000000000000000000000000000000000000000000000000000000000010000000000000000000000000000000000000000000000000000000000000000000001111000000100000100000100100000000000000000000000110100111100111001011100000000000110100000100000100000000011110000000000001000001000100010000000000000000101110100000101100000110000000000000000000000000000001000000000000000010000000000000000100010000001100010000000000001001000000000100101010000011110001000001000000000100000000101000101000000000000000001101011011000000000101110000001000100000011100110000000000000000000000011100000000000000000000000000000000000000000000000000000000000000000000000000000000000000000000000000000000000000000000000000000000000000000000000000000000000000000000000000,11100000011110110011100000000000000000000000000000000000000000000000000000000000000000000000000000000000000000000000000000000000000000000000000000000000000000000000000000000000001100000110000010000001000000000000000000000000000000000000000000000000100000010000000000000000000000000001111000000000000100000000100000000000000000000000110101101100110000011001100000000100001100101100011010000011010000000000001000000000100010000000001010100101010100100101000000000010100000100000000000000000001000010010001000000000000010001000100000000001110011100110110011001000000010010010011100111110110010101001000010110011100001000111000000001000011001111110000000010001010010011101100100000111101111101100111011110000101011101000000001000000000000010100000000000000000110100000000000000000110000001000000000000110100000000000000000110100000000000000000000000000000000000000000000000000000000000,11110000011110111011110000000000000000000000000000000000000000000000000000000000000000000000000000000000000000000000000000000000000000000000000000000000000000000000000000000000001100000110000010000001000000000000000000000000000000000000000000000000100000010000000000000000000000000001111000000000000100000000100000000000000000000000110111101100110000011001100000000100001100101100011010000011110000000000001000000000100010000000001010100101010100100101000000000010100000100000000000000000001000010010001000000000000000001000100010000001110011010110110011001000000010110110011100111110110110101101000011110011100101000111000000001000011001111111010000010001110110011101100100000111101111101100111011110000101011101000100001000000000000010100000000000100000110100001000000000000110100001000000000000110100000000000100000110100001000000000000000000000000000000000000000000000000000000,11100000011110110011110000000000000000000000000000000000000000000000000000000000000000000000000000000000000000000000000000000000000000000000000000000000000000000000000000000000001100000110000010000001000000000000000000000000000000000000000000000000100000010000000000000000000000000001111000000000000100000000100000000000000000000000110101111100111000011001100000000110001100100000011010000011010000000000001000000000100010000000001010100001010100100001000000000010100000100000000000000000001000000010000000000000000010001000100000000001110011100000100011001000000010010011011100111110100010101001000100110010100001000111000000000000001001111110000000010001000010011001100100000111111111101110111011110100101011101000000000000000000000010000000000000000000110000000000000000000110000000000000000000110000100000000000000110000000000000000000000000000000000000000000000000000000000000,11100000011110110011110000000000000000000000000000000000000000000000000000000000000000000000000000000000000000000000000000000000000000000000000000000000000000000000000000000000001100000110000010000001000000000000000000000000000000000000000000000000100000010000000000000000000000000001111000000000000100000000100000000000000000000000110101101100110000011001100000000100001100100000011010000011010000000000001000000000100010000000001010100001010100100001000000000010100000100000000000000000001000000010000000000000000010001000100000000001110011100000100011001000000010010010011100111110100010101001000100110010100001000111000000000000001001111110000000010001000010011001100100000111111111101111111011110111101011101000000000000000000000010000000000000000000110000000000000000000110000000000000000000110000000000000000000110000000000000000000000000000000000000000000000000000000000000,11100000011110110011110000000000000001000000000000000000000000000000000000000000000000000000000000000000000000000000000000000000000000000000000000000000000000000000000000000000001100000110000010000001000000000000000000000000000000000000000000000000100000010000000000000000000000000001111000000010000100000000100000000000000000000000110101101110110000011001100000100100001100100000011010000011010000000000001000000000100010000000001010100001010100100001000000000010100000100000000000000000001000000010010100000000000010001000100000000001110011100000101011001000000010010010011100111110100010111001001000110010100001000111000000000000001001111110000000010001000010011001100100000111111111101111111011110111101011101000000000100000000000010010000000000000000110010000000000000000110000000100000000000110010000000000000000110010000000000000000000000000000000000000000000000000000000000,11110000011111110011110000000000000000000000000000000000000000000000000000000000000000000000000000000000000000000000000000000000000000000000000000000000000000000000000000000000001001000100100000000000000000000000000000000000000000000000000000000000000000000000000000000000000000000001111000000000000000000000100000000000000000000000110101111100111100011000000000000111000000100000100000000011000000000000011000000000000010000000000000000000100100000000100000000000000000000000000000000000000000000000000000000000000000000000000000000001000010000000000000000000000100110001000000010110000000001000000000000000001001100100000000000000000001110010000000000000100101110000000000000001111110001111110011111110110011100000000000000000000000000000000000000000000000000000000000000000000000000000000000000000000000000000000000000000000000000000000000000000000000000000000000000000000000000,11110000011111100011110000000000000000000000000000000000000000000000000000000000000000000000000000000000000000000000000000000000000000000000000000000000000000000000000000000000001001000100100000000000000000000000000000000000000000000000000000000000000000000000000000000000000000000001111000000000000000000000100000000000000000000000110101111100111100011000000000000111000000100000100000000011000000000000011000000000000010000000000010000000100100000000100000000000000000000000000000000000000000000000000000000000000000000000000000000001000010000000000000000000000100110001000000010110000000001000000000000000001001100100000000000000000001110010000000000000000101110000000000000001110010101110110011111100110011100000000000000000000000000000000000000000000000000000000000000000000000000000000000000000000000000000000000000000000000000000000000000000000000000000000000000000000000000,11110000011111100011110000000000000000000000000000000000000000000000000000000000000000000000000000000000000000000000000000000000000000000000000000000000000000000000000000000000001001000100100000000000000000000000000000000000000000000000000000000000000000000000000000000000000000000001111000000000000000000000100000000000000000000000110101111100111100011000000000000111000000100000100000000011000000000000011000000000000010000000000010000000100100000000100000000000000000000000000000000000000000000000000000000000000000000000000000000001000010000000000000000000000100110001000000010110000000001000000000000000001001100100000000000000000001110010000000000000000101110000000000000001110010101110110011111100110011100000000000000000000000000000000000000000000000000000000000000000000000000000000000000000000000000000000000000000000000000000000000000000000000000000000000000000000000000,11000000011100110011100000000000000001100000000000000000000000000000000000000000000000000000000000000000000000000000000000000000000000000000000000000000000000000000000000000000001100000000000000000000000000000000000000000000000000000000000000000000000000010000000000000000000000000001111000000010000101000000100000000000000000000000110000111111111000011001100011000110001100001100000010000010110100000100001000000000100010010000001000100101010100100101001100000000100000100000000000000000001000000000001000000000001010001000100010000000000010000110110010001010010010100011011000100010100000001001000110010001110001000111000000000000011001011101011000000001100110001101100000000111100100001101000010100001000011100000100000000000000000000000000000000000000000000000000000000000000100000000000000000000000000000000000000000000000000000000000000000000000000000000000000000000000000000,11100000011110110011100100000000000000000000000000000000000000000000000000000000000000000000000000000000000000000000000000000000000000000000000101100000000000000000000000000000001111000100000000000000000000000000000000000000000000000000000000000000000000010000000000000000000000000001111100000000000100000000000000000000000000000000100000011100111000011001000000001110001100101100100010000011110000000000010000000000100010000000000000100101010100100101100000000000100000100000000000000000001000010000001000000000000010001000100010000000000010000110010010001000000010100010000000100010110000001101000110010001100011110010000000001000011000001001011000000000110110001100100000000111000100000000000000000000000000000000000000000000100000000000000000000000000000000000000000000000000000000000000100000000000000000000000000000000000000000000000000000000000000000000000000000000000000000,11110000011111111011110000000000000000000000000000000000000000000000000000000000000000000000000000000000000000000000000000000000000000000000000100100000000000000000000000000000001111000110000010000000000000000000000000000000000000000000000001001000110000010101000000000000000000000001111000000000000110000000100000000000000000000000110100011100111000011001100000000110000000101100111011000011110000000000011000000000101010000000001010110101111100110101100000000010100100100000100000000000001001010010000000000000000110001000100000000001011011010100110011011000000111100111011100110110110101101011010110011111101101100111100101101000111001111110110000011101110111001111100110000111111110101111110011111111110011101110100100000000000000110100101000000000000110100001000000000000110100100000000000000110100101000000000000110100001000000000000000000000000000000000000000000000000000000,10000000010000000011100000000010000000000000000000000000000000000000000000000000000000000000000000000000000000000001001000000000000000000000000000000000000000000000000000000000000000000000000000000000000000000000000000000000000000000000000000000000000000000000000000000000000000000001101000001000000000000000100000100000000000000000100000010100101010001000000000000010000000100000000000000000000000000000010000010000000000000100000000000000000000000000000010000000000000000000000000000000000000000000000000000000000000000000000000000000000000000000000000000000000000000000000000000000000000000000000000000000000000000000000000000000000000000000000000000000000000000000000000000000000000000000000000000000000000000000000000000000000000000000000000000000000000000000000000000000000000000000000000000000000000000000000000000000000000000000000000000000000000000000000000000000000000000,11110000011110111011110000000000000000000000000000000000000000000000000000000000000000000000000000000000000000000000000000000000000000000000000000000000000000000000000000000000001101000100100010000000000000000000000000000000000000000000000000000000000000000000000000000000000000000001111000000000000100000000100000000000000000000000100000111100111100011000000000000111000000000000100000000010110000000000011000000000000010000000000000000001000100000001000000000010000000000000000000000000000000000000000000000000000000000000000010000001010010000000000000000000000100110001000000010010000000001100000000000000001001110100000000000000000001110001011000000000100101110000000000000001111101000111000000001111000000000000000000000000000000000000000000000000000000000000000000000000000000001000000000000000000101000000100000000000101000000000000000000000000000000000000000000000000000000,11110000011110111011110000000000000000000000000000000000000000000000000000000000000000000000000000000000000000000000000000000000000000000000000000000000000000000000000000000000001101000100100010000000000000000000000000000000000000000000000000000000000000000000000000000000000000000001111000000000000100000000100000000000000000000000100000111100111100011000000000000111000000000000100000000000010000000000011000000000000000000000000000000000000000000000000000000000000000000000000000000000000000000000000000000000000000000000000010000000000000000000000000000000000100110001000000000010000000001100000000000000001000110100000000000000000001110001000000000000000001110000000000000001111100000111000000001101000000000000000000000000000000000000000000000000000000000000000000000000000000001000000000000000000101000000100000000000101000000000000000000000000000000000000000000000000000000,11110000011110111011110000000000000000000000000000000000000000000000000000000000000000000000000000000000000000000000000000000000000000000000000100100000000000000000000000000000001101000100000000000000000000000000000000000000000000000000000000000000000000000000000000000000000000000001111000000000000100000000100000000000000000000000110001111100111100011000000000000111000000110000100000000010110000000000011000000000001010000000000000001000000100001010010000000010000000000000000000000001000000000000000000000000000000000000000010000001010010000000000000000000000100110001000000010110000000001100000000000000001001110100000000000000000001110011000000000000000101110000000000000001111100100111000000001111000010100000000000000000000000000000000000000000000000000000000000000000000000101000000000000000000101000000100000000000101000000000000000000000000000000000000000000000000000000,11110000011110111011110000000000000000000000000000000000000000000000000000000000000000000000000000000000000000000000000000000000000000000000000000000000000000000000000000000000001101000100100010000000000000000000000000000000000000000000000000000000000000000000000000000000000000000001111000000000000100000000100000000000000000000000100000111100111100011000000000000111000000000000100000000000010000000000011000000000000000000000000000000000000000000000000000000000000000000000000000000000000000000000000000000000000000000000000010000000000000000000000000000000000100110001000000000010000000001100000000000000001000110100000000000000000001110001000000000000000001110000000000000001111100000111000000001101000000000000000000000000000000000000000000000000000000000000000000000000000000001000000000000000000101000000100000000000101000000000000000000000000000000000000000000000000000000,11100000011100111011000000000000000000000000000000000000000000000000000000000000000000000000000000000000000000000000000000000000000000000000000000000000000000000000000000000000001111000100000000000000000000000000000000000000000000000000000000000000000000011100000000000000000000000001111000000000000100000000000000000000000000000000110000000100110000011001101000000110001111111011011010010110010010000001010000000000101000000000001000110010011001110110010000000000100000101000100000101001001100010010000010100000000000011101100000100000001011101100110010011000100011010010111110100010110001001111100101011010100001000011010000101010001011011100000000010111010010101110100000100111100100001110000011111100000011100010000000000000000000010000100000000000000000000100000000000000010000000000000000000010000100000000000000000000100000000000000000000000000000000000000000000000000000000,11000000011100110011000000000000010000000000000000000000000000000000000000000000000000000000000000000000000000000000000000000000000000000000000101100000000000000000000000000000001100000000000000000000000000000000000000000000000000000000000000000000000000011100000000000000000000000001111000000100000101000100000000000000000000000000100000001100100000011101001000000000001100111111010110010000010100000000000000000010101010010000000010100110011100100110001001110000110000100000000000010000001001000010001000000000001010001001100000111001001101100110110011011010000010000010010000101010100000001001000110010001100000000010000010000000011000101001000000001000000010001100100001000111000100000000000000000000000000000000000000000100000000000000000000000000000000000000000000000000000000000000100000000000000000000000000000000000000000000000000000000000000000000000000000000000000000000,11100000011110110011000100000000000000000000000000000000000000000000000000000000000000000000000000000000000000000001100000000000000000000000000000000000000000000000000000000000001111000100000010000000000000000000000000000000000000000000000000000000100000010000000000000000000000000001111100000000000100000000100000000000000000000000110000101100110000011001100000001100001100001100100010000011110000000000001000000000100010000000001010100100110101100100100000000000100000100000000000000000001001010000001000000000000000001000100010000001000010000110010011001000000010000110010000111110110010001101010011010001100101000110000110001000011001001011000000000000110010001101100111000111100110001101100110100011100111100000100000000000000000000000000000000100000000100000000000000000000100000000000000000000000000000000100000000100000000000000000000000000000000000000000000000000000000000,11100000011110110011100100000000000000000000000000000000000000000000000000000000000000000000000000000000000000000000000000000000000000000000000000000000000000000000000000000000001111000101100010000001000000000000000000000000000000000000000000000000101100010000000000000000000000000001111100000000000000000000100000000000000000000000110000101100111000011001100000001110001100101100111010000011000000000000011000000000100010000000001010100100110101100100100000000000100000100000100000000000001001010010000000000000000000001000100000000001000011010100110011001000000011100110011000111110110011001111010011011011100101110111100110101000111001001110000000010001110110001111100111000111100110101101100110110011100111100000100000000000000000010000000000000100000000100001000000000000000100000000000000000010000000000000100000000100001000000000000000000000000000000000000000000000000000000,11100000011110110011100100000000000000000000000000000000000000000000000000000000000000000000000000000000000000000001100000000000000000000000000101100000000000000000000000000000001111000100000010000000000000000000000000000000000000000000000001011000100000010000000000000000000000000001111100000000000100000000100000000000000000000000110100101100110000011001100000001110001100101100111010000011110000000000011000000000100010000000001010100100110101100100100000000000100000100000100000000000001001010010000000000000000000001000100010000001000011010100110011001000000011100110011000111110110011001111010011011011100101010111000110101000011001001111000000010001110110001111100111000111100110101101100110110011100111100000100000000000000000010000000000000100000000100001000000000000000100000000000000000010000000000000100000000100001000000000000000000000000000000000000000000000000000000
